N,M,sparsity,naive_time,blas_time,opt_time,naive_speedup,blas_speedup,opt_speedup
10,100,0.00909091,27750,2417,10041,1,11.48,2.76
20,100,0.00833333,16000,7917,15750,1,2.02,1.02
30,100,0.00769231,23625,7042,7292,1,3.35,3.24
40,100,0.00714286,28708,6000,6541,1,4.78,4.39
50,100,0.00666667,33958,6959,6750,1,4.88,5.03
60,100,0.00625,50541,6167,7375,1,8.2,6.85
70,100,0.00588235,45583,6625,7417,1,6.88,6.15
80,100,0.00555556,52084,7041,7542,1,7.4,6.91
90,100,0.00526316,200250,17042,15542,1,11.75,12.88
100,100,0.005,64458,9083,10167,1,7.1,6.34
110,100,0.0047619,67583,8542,8917,1,7.91,7.58
120,100,0.00454545,74042,9208,8958,1,8.04,8.27
130,100,0.00434783,80708,9666,9375,1,8.35,8.61
140,100,0.00416667,93875,11708,10667,1,8.02,8.8
150,100,0.004,97959,17583,10666,1,5.57,9.18
160,100,0.00384615,187459,14500,11833,1,12.93,15.84
170,100,0.0037037,167917,21417,18250,1,7.84,9.2
180,100,0.00357143,122750,13250,11417,1,9.26,10.75
190,100,0.00344828,121750,15417,25250,1,7.9,4.82
200,100,0.00333333,130750,15834,12959,1,8.26,10.09
210,100,0.00322581,148917,18166,13666,1,8.2,10.9
220,100,0.003125,227834,22959,20042,1,9.92,11.37
230,100,0.0030303,146959,16000,13292,1,9.18,11.06
240,100,0.00294118,153417,16084,13292,1,9.54,11.54
250,100,0.00285714,210666,22083,17416,1,9.54,12.1
260,100,0.00277778,168958,17334,13292,1,9.75,12.71
270,100,0.0027027,232125,21541,17458,1,10.78,13.3
280,100,0.00263158,195250,18958,14500,1,10.3,13.47
290,100,0.0025641,221125,22500,17333,1,9.83,12.76
300,100,0.0025,236250,21959,15209,1,10.76,15.53
310,100,0.00243902,215375,20125,15500,1,10.7,13.9
320,100,0.00238095,440500,28916,26667,1,15.23,16.52
330,100,0.00232558,232166,22167,17208,1,10.47,13.49
340,100,0.00227273,236167,19542,16542,1,12.09,14.28
350,100,0.00222222,225209,24917,16542,1,9.04,13.61
360,100,0.00217391,228167,22875,15291,1,9.97,14.92
370,100,0.00212766,234708,24166,15791,1,9.71,14.86
380,100,0.00208333,242458,24083,15792,1,10.07,15.35
390,100,0.00204082,248791,21333,15916,1,11.66,15.63
400,100,0.002,249708,22708,16750,1,11,14.91
410,100,0.00196078,256875,25291,17708,1,10.16,14.51
420,100,0.00192308,272333,23583,20916,1,11.55,13.02
430,100,0.00188679,268625,25542,19000,1,10.52,14.14
440,100,0.00185185,277833,26291,17458,1,10.57,15.91
450,100,0.00181818,286708,25375,17500,1,11.3,16.38
460,100,0.00178571,289667,26208,18291,1,11.05,15.84
470,100,0.00175439,291209,26041,18541,1,11.18,15.71
480,100,0.00172414,302458,27708,19833,1,10.92,15.25
490,100,0.00169492,346417,29000,20625,1,11.95,16.8
500,100,0.00166667,335042,29125,21000,1,11.5,15.95
510,100,0.00163934,351458,30542,21708,1,11.51,16.19
520,100,0.0016129,361666,30625,24584,1,11.81,14.71
530,100,0.0015873,367500,30833,22500,1,11.92,16.33
540,100,0.0015625,370208,33584,22708,1,11.02,16.3
550,100,0.00153846,382583,33750,22375,1,11.34,17.1
560,100,0.00151515,387041,34333,22375,1,11.27,17.3
570,100,0.00149254,396500,33208,23334,1,11.94,16.99
580,100,0.00147059,404208,34792,23458,1,11.62,17.23
590,100,0.00144928,402417,33583,23167,1,11.98,17.37
600,100,0.00142857,416959,34750,24750,1,12,16.85
610,100,0.00140845,448083,34125,23959,1,13.13,18.7
620,100,0.00138889,426667,36459,28917,1,11.7,14.75
630,100,0.00136986,435500,38042,25542,1,11.45,17.05
640,100,0.00135135,445209,37500,25291,1,11.87,17.6
650,100,0.00133333,442500,37625,25584,1,11.76,17.3
660,100,0.00131579,448542,39625,32916,1,11.32,13.63
670,100,0.0012987,486917,38959,26667,1,12.5,18.26
680,100,0.00128205,463958,40625,27375,1,11.42,16.95
690,100,0.00126582,519167,44834,31917,1,11.58,16.27
700,100,0.00125,477791,38917,27375,1,12.28,17.45
710,100,0.00123457,486209,42375,28916,1,11.47,16.81
720,100,0.00121951,487792,41875,28417,1,11.65,17.17
730,100,0.00120482,512291,42875,29375,1,11.95,17.44
740,100,0.00119048,533167,45084,64125,1,11.83,8.31
750,100,0.00117647,529666,43833,28916,1,12.08,18.32
760,100,0.00116279,520666,45084,28083,1,11.55,18.54
770,100,0.00114943,549917,50542,33292,1,10.88,16.52
780,100,0.00113636,578750,48208,33084,1,12.01,17.49
790,100,0.0011236,582500,50542,33208,1,11.53,17.54
800,100,0.00111111,598875,93375,33792,1,6.41,17.72
810,100,0.0010989,605333,51292,32583,1,11.8,18.58
820,100,0.00108696,744875,53875,42375,1,13.83,17.58
830,100,0.00107527,633166,58625,37584,1,10.8,16.85
840,100,0.00106383,640125,61500,39625,1,10.41,16.15
850,100,0.00105263,627875,58250,35459,1,10.78,17.71
860,100,0.00104167,646625,51792,35083,1,12.49,18.43
870,100,0.00103093,700750,61584,57375,1,11.38,12.21
880,100,0.00102041,652708,56000,36083,1,11.66,18.09
890,100,0.0010101,654708,54958,36166,1,11.91,18.1
900,100,0.001,681500,56333,35709,1,12.1,19.08
910,100,0.000990099,671541,60791,42625,1,11.05,15.75
920,100,0.000980392,712209,56250,39042,1,12.66,18.24
930,100,0.000970874,681166,56500,36791,1,12.06,18.51
940,100,0.000961538,712875,58500,42375,1,12.19,16.82
950,100,0.000952381,698000,64209,39166,1,10.87,17.82
960,100,0.000943396,835375,63750,43083,1,13.1,19.39
970,100,0.000934579,879375,77084,42292,1,11.41,20.79
980,100,0.000925926,831042,67833,43958,1,12.25,18.91
990,100,0.000917431,819000,77666,44500,1,10.55,18.4
1000,100,0.000909091,852834,79458,46542,1,10.73,18.32
1010,100,0.000900901,847375,69167,48083,1,12.25,17.62
1020,100,0.000892857,854250,67750,44708,1,12.61,19.11
1030,100,0.000884956,861208,69250,49750,1,12.44,17.31
1040,100,0.000877193,925792,69458,50708,1,13.33,18.26
1050,100,0.000869565,925292,72542,47209,1,12.76,19.6
1060,100,0.000862069,911708,75875,47750,1,12.02,19.09
1070,100,0.000854701,898584,71750,45542,1,12.52,19.73
1080,100,0.000847458,877667,71458,47250,1,12.28,18.57
1090,100,0.000840336,927375,76750,46959,1,12.08,19.75
1100,100,0.000833333,923459,70750,46333,1,13.05,19.93
1110,100,0.000826446,919042,71083,46333,1,12.93,19.84
1120,100,0.000819672,930458,72667,51500,1,12.8,18.07
1130,100,0.000813008,953667,73292,48625,1,13.01,19.61
1140,100,0.000806452,947125,81083,47709,1,11.68,19.85
1150,100,0.0008,975250,75792,54750,1,12.87,17.81
1160,100,0.000793651,965791,84291,51500,1,11.46,18.75
1170,100,0.000787402,985958,76500,56667,1,12.89,17.4
1180,100,0.00078125,979333,74709,49667,1,13.11,19.72
1190,100,0.000775194,977333,76958,49667,1,12.7,19.68
1200,100,0.000769231,1014084,75792,49209,1,13.38,20.61
1210,100,0.000763359,1016458,84333,50458,1,12.05,20.14
1220,100,0.000757576,1013125,82000,54583,1,12.36,18.56
1230,100,0.00075188,1046208,79500,50542,1,13.16,20.7
1240,100,0.000746269,1025333,79000,52208,1,12.98,19.64
1250,100,0.000740741,1030083,79958,51500,1,12.88,20
1260,100,0.000735294,1037958,86875,56459,1,11.95,18.38
1270,100,0.000729927,1052334,96500,60209,1,10.91,17.48
1280,100,0.000724638,1193750,91333,64833,1,13.07,18.41
1290,100,0.000719424,1211458,96375,67125,1,12.57,18.05
1300,100,0.000714286,1213042,92292,66500,1,13.14,18.24
1310,100,0.00070922,1251833,99458,62709,1,12.59,19.96
1320,100,0.000704225,1324042,99041,63292,1,13.37,20.92
1330,100,0.000699301,1249041,111416,62084,1,11.21,20.12
1340,100,0.000694444,1249959,110000,65875,1,11.36,18.97
1350,100,0.000689655,1254167,195542,63500,1,6.41,19.75
1360,100,0.000684932,1280417,109167,65250,1,11.73,19.62
1370,100,0.000680272,1846291,125708,87250,1,14.69,21.16
1380,100,0.000675676,1614416,168833,70375,1,9.56,22.94
1390,100,0.000671141,1299666,118750,66000,1,10.94,19.69
1400,100,0.000666667,1333833,117583,70375,1,11.34,18.95
1410,100,0.000662252,1765709,311417,74000,1,5.67,23.86
1420,100,0.000657895,1838666,110667,74291,1,16.61,24.75
1430,100,0.000653595,1338959,194042,69000,1,6.9,19.41
1440,100,0.000649351,1444334,126750,119375,1,11.4,12.1
1450,100,0.000645161,1379625,134292,70708,1,10.27,19.51
1460,100,0.000641026,1493584,107375,71875,1,13.91,20.78
1470,100,0.000636943,2017250,134459,79458,1,15,25.39
1480,100,0.000632911,1649125,164334,128333,1,10.04,12.85
1490,100,0.000628931,1684791,127041,79875,1,13.26,21.09
1500,100,0.000625,1605667,131875,79667,1,12.18,20.15
1510,100,0.000621118,1625708,130833,80459,1,12.43,20.21
1520,100,0.000617284,1638833,131125,81083,1,12.5,20.21
1530,100,0.000613497,1640334,132709,83500,1,12.36,19.64
1540,100,0.000609756,1693667,151625,112875,1,11.17,15
1550,100,0.000606061,1676750,160375,86750,1,10.46,19.33
1560,100,0.00060241,2059500,161584,97875,1,12.75,21.04
1570,100,0.000598802,1978208,161583,100334,1,12.24,19.72
1580,100,0.000595238,2090083,170375,99459,1,12.27,21.01
1590,100,0.000591716,1994375,158208,98125,1,12.61,20.32
1600,100,0.000588235,2024833,157083,97625,1,12.89,20.74
1610,100,0.000584795,2056333,157250,98792,1,13.08,20.81
1620,100,0.000581395,2125625,157750,99667,1,13.47,21.33
1630,100,0.000578035,2165208,158667,98792,1,13.65,21.92
1640,100,0.000574713,2108500,165750,102125,1,12.72,20.65
1650,100,0.000571429,2110500,212333,99833,1,9.94,21.14
1660,100,0.000568182,2144791,158041,109041,1,13.57,19.67
1670,100,0.000564972,2097041,172625,102625,1,12.15,20.43
1680,100,0.000561798,2106125,169583,102833,1,12.42,20.48
1690,100,0.000558659,2092417,183542,107083,1,11.4,19.54
1700,100,0.000555556,2171000,167084,112250,1,12.99,19.34
1710,100,0.000552486,2142083,241333,106292,1,8.88,20.15
1720,100,0.000549451,2143334,170916,106083,1,12.54,20.2
1730,100,0.000546448,2157833,170167,112084,1,12.68,19.25
1740,100,0.000543478,2151000,166208,106291,1,12.94,20.24
1750,100,0.000540541,2251834,170084,108958,1,13.24,20.67
1760,100,0.000537634,2171834,164125,110084,1,13.23,19.73
1770,100,0.000534759,1897500,145791,95625,1,13.02,19.84
1780,100,0.000531915,2125083,165792,107917,1,12.82,19.69
1790,100,0.000529101,2611917,281625,116792,1,9.27,22.36
1800,100,0.000526316,2245000,259209,109041,1,8.66,20.59
1810,100,0.00052356,2983334,225125,120750,1,13.25,24.71
1820,100,0.000520833,2610709,246209,112292,1,10.6,23.25
1830,100,0.000518135,2309500,180292,116834,1,12.81,19.77
1840,100,0.000515464,2611375,183708,110667,1,14.21,23.6
1850,100,0.000512821,2451958,204500,186125,1,11.99,13.17
1860,100,0.000510204,2346916,200083,114375,1,11.73,20.52
1870,100,0.000507614,2335417,182917,113917,1,12.77,20.5
1880,100,0.000505051,2368084,177500,113417,1,13.34,20.88
1890,100,0.000502513,2397375,179500,115125,1,13.36,20.82
1900,100,0.0005,2360166,187625,117750,1,12.58,20.04
1910,100,0.000497512,2442500,195708,113417,1,12.48,21.54
1920,100,0.00049505,2403166,183041,116458,1,13.13,20.64
1930,100,0.000492611,2396541,191875,117166,1,12.49,20.45
1940,100,0.000490196,2397041,195042,115583,1,12.29,20.74
1950,100,0.000487805,2426291,194500,115375,1,12.47,21.03
1960,100,0.000485437,2104500,170833,99208,1,12.32,21.21
1970,100,0.000483092,2119875,177666,101125,1,11.93,20.96
1980,100,0.000480769,2129584,169417,101041,1,12.57,21.08
1990,100,0.000478469,2095959,172500,103375,1,12.15,20.28
2000,100,0.00047619,2116708,164458,100458,1,12.87,21.07
2010,100,0.000473934,1926250,286667,93625,1,6.72,20.57
2020,100,0.000471698,1477875,178416,75291,1,8.28,19.63
2030,100,0.000469484,1229458,93458,55209,1,13.16,22.27
2040,100,0.00046729,1074459,76166,47917,1,14.11,22.42
2050,100,0.000465116,1067958,90542,57709,1,11.8,18.51
2060,100,0.000462963,1076541,78209,47917,1,13.76,22.47
2070,100,0.000460829,1066958,79375,60708,1,13.44,17.58
2080,100,0.000458716,1082958,78667,49708,1,13.77,21.79
2090,100,0.000456621,1096125,79583,48125,1,13.77,22.78
2100,100,0.000454545,1108166,85042,54542,1,13.03,20.32
2110,100,0.000452489,1093625,81041,48792,1,13.49,22.41
2120,100,0.00045045,1257292,83833,56542,1,15,22.24
2130,100,0.00044843,1130166,81583,49958,1,13.85,22.62
2140,100,0.000446429,1098917,79167,52333,1,13.88,21
2150,100,0.000444444,1120541,84417,50417,1,13.27,22.23
2160,100,0.000442478,1119875,89375,49917,1,12.53,22.43
2170,100,0.000440529,1209125,99667,55875,1,12.13,21.64
2180,100,0.000438596,1134750,80583,55250,1,14.08,20.54
2190,100,0.000436681,1132750,90375,53333,1,12.53,21.24
2200,100,0.000434783,1195542,109125,55833,1,10.96,21.41
2210,100,0.0004329,1205959,155583,59875,1,7.75,20.14
2220,100,0.000431034,1201625,92166,54208,1,13.04,22.17
2230,100,0.000429185,1199250,94291,64125,1,12.72,18.7
2240,100,0.00042735,1150166,89791,53208,1,12.81,21.62
2250,100,0.000425532,1153625,85292,51459,1,13.53,22.42
2260,100,0.000423729,1152250,87958,51666,1,13.1,22.3
2270,100,0.000421941,1163625,87167,54959,1,13.35,21.17
2280,100,0.000420168,1171666,85000,52041,1,13.78,22.51
2290,100,0.00041841,1169333,113750,52000,1,10.28,22.49
2300,100,0.000416667,1172542,84708,52167,1,13.84,22.48
2310,100,0.000414938,1179166,92250,52125,1,12.78,22.62
2320,100,0.000413223,1198875,85542,52833,1,14.02,22.69
2330,100,0.000411523,1267833,104042,57000,1,12.19,22.24
2340,100,0.000409836,1371208,157875,58583,1,8.69,23.41
2350,100,0.000408163,1267959,103875,59333,1,12.21,21.37
2360,100,0.000406504,1322209,110291,59875,1,11.99,22.08
2370,100,0.000404858,1280084,106709,59416,1,12,21.54
2380,100,0.000403226,1271875,100167,58583,1,12.7,21.71
2390,100,0.000401606,1316208,104084,61125,1,12.65,21.53
2400,100,0.0004,1298875,105625,58125,1,12.3,22.35
2410,100,0.000398406,1290833,105958,58042,1,12.18,22.24
2420,100,0.000396825,1294042,100167,59292,1,12.92,21.82
2430,100,0.000395257,1297291,102333,57958,1,12.68,22.38
2440,100,0.000393701,1258625,92584,57083,1,13.59,22.05
2450,100,0.000392157,1315250,107083,57833,1,12.28,22.74
2460,100,0.000390625,1326584,110250,62333,1,12.03,21.28
2470,100,0.000389105,1322459,110708,62041,1,11.95,21.32
2480,100,0.000387597,1286708,100541,58583,1,12.8,21.96
2490,100,0.0003861,1332375,315292,59583,1,4.23,22.36
2500,100,0.000384615,1331833,105583,64459,1,12.61,20.66
2510,100,0.000383142,1352834,107625,64291,1,12.57,21.04
2520,100,0.000381679,1357625,107959,62584,1,12.58,21.69
2530,100,0.000380228,1359000,105500,62375,1,12.88,21.79
2540,100,0.000378788,1368500,216917,62667,1,6.31,21.84
2550,100,0.000377358,1377500,102958,62291,1,13.38,22.11
2560,100,0.00037594,1490375,179375,67917,1,8.31,21.94
2570,100,0.000374532,1483375,110667,67042,1,13.4,22.13
2580,100,0.000373134,1488333,117625,67833,1,12.65,21.94
2590,100,0.000371747,1521875,114417,69291,1,13.3,21.96
2600,100,0.00037037,1511542,135708,67750,1,11.14,22.31
2610,100,0.000369004,1507958,115333,69167,1,13.07,21.8
2620,100,0.000367647,2685458,169375,81125,1,15.86,33.1
2630,100,0.0003663,1831667,147083,76709,1,12.45,23.88
2640,100,0.000364964,1801375,134125,82625,1,13.43,21.8
2650,100,0.000363636,1818875,139834,82166,1,13.01,22.14
2660,100,0.000362319,2030709,174125,95458,1,11.66,21.27
2670,100,0.000361011,1952625,175292,88917,1,11.14,21.96
2680,100,0.000359712,1962417,157959,88834,1,12.42,22.09
2690,100,0.000358423,2005375,149541,105750,1,13.41,18.96
2700,100,0.000357143,2484542,151750,90834,1,16.37,27.35
2710,100,0.000355872,1999625,157083,91125,1,12.73,21.94
2720,100,0.00035461,3995625,169375,91333,1,23.59,43.75
2730,100,0.000353357,2004125,154875,90875,1,12.94,22.05
2740,100,0.000352113,2018083,151584,94625,1,13.31,21.33
2750,100,0.000350877,2318584,155083,91500,1,14.95,25.34
2760,100,0.00034965,2038000,156375,92500,1,13.03,22.03
2770,100,0.000348432,2210000,161833,91750,1,13.66,24.09
2780,100,0.000347222,2133917,163500,92875,1,13.05,22.98
2790,100,0.000346021,2038000,161000,96875,1,12.66,21.04
2800,100,0.000344828,2044917,150833,96250,1,13.56,21.25
2810,100,0.000343643,2096917,189125,96125,1,11.09,21.81
2820,100,0.000342466,2062041,149334,97375,1,13.81,21.18
2830,100,0.000341297,2065333,305083,92792,1,6.77,22.26
2840,100,0.000340136,2205292,183750,101500,1,12,21.73
2850,100,0.000338983,2387042,157000,96250,1,15.2,24.8
2860,100,0.000337838,2087208,154542,105875,1,13.51,19.71
2870,100,0.0003367,2114666,154208,92459,1,13.71,22.87
2880,100,0.00033557,2092125,151292,93083,1,13.83,22.48
2890,100,0.000334448,2102125,153916,93042,1,13.66,22.59
2900,100,0.000333333,2117458,154417,93500,1,13.71,22.65
2910,100,0.000332226,1953375,174750,86875,1,11.18,22.48
2920,100,0.000331126,1958791,141000,86084,1,13.89,22.75
2930,100,0.000330033,2699375,718583,96000,1,3.76,28.12
2940,100,0.000328947,1996334,194542,90250,1,10.26,22.12
2950,100,0.000327869,2171833,210584,102000,1,10.31,21.29
2960,100,0.000326797,2183083,158458,97167,1,13.78,22.47
2970,100,0.000325733,2161375,163292,99416,1,13.24,21.74
2980,100,0.000324675,2169125,158875,96083,1,13.65,22.58
2990,100,0.000323625,2177250,162542,95625,1,13.39,22.77
3000,100,0.000322581,1996875,147583,91291,1,13.53,21.87
3010,100,0.000321543,2004000,149958,90125,1,13.36,22.24
3020,100,0.000320513,1995167,149208,89709,1,13.37,22.24
3030,100,0.000319489,2014292,150208,91583,1,13.41,21.99
3040,100,0.000318471,2017750,149209,90333,1,13.52,22.34
3050,100,0.00031746,2029250,152916,90041,1,13.27,22.54
3060,100,0.000316456,2004416,141084,83708,1,14.21,23.95
3070,100,0.000315457,2083166,141416,85625,1,14.73,24.33
3080,100,0.000314465,1893000,137083,83500,1,13.81,22.67
3090,100,0.00031348,1913167,151542,85875,1,12.62,22.28
3100,100,0.0003125,2084542,159250,93500,1,13.09,22.29
3110,100,0.000311526,1906875,160041,93833,1,11.91,20.32
3120,100,0.000310559,2087250,159000,93541,1,13.13,22.31
3130,100,0.000309598,2194916,171083,94625,1,12.83,23.2
3140,100,0.000308642,2130125,176792,94834,1,12.05,22.46
3150,100,0.000307692,2114000,161083,97166,1,13.12,21.76
3160,100,0.000306748,2098958,154167,93375,1,13.61,22.48
3170,100,0.00030581,2108000,160708,95000,1,13.12,22.19
3180,100,0.000304878,2115375,157875,94459,1,13.4,22.39
3190,100,0.000303951,2123666,156791,93792,1,13.54,22.64
3200,100,0.00030303,2122667,154583,98542,1,13.73,21.54
3210,100,0.000302115,2128375,145833,86333,1,14.59,24.65
3220,100,0.000301205,1985167,167750,86833,1,11.83,22.86
3230,100,0.0003003,1978375,148416,86875,1,13.33,22.77
3240,100,0.000299401,1975958,144083,86667,1,13.71,22.8
3250,100,0.000298507,1999541,158375,93166,1,12.63,21.46
3260,100,0.000297619,2032375,153958,89500,1,13.2,22.71
3270,100,0.000296736,2011458,151917,90291,1,13.24,22.28
3280,100,0.000295858,2009583,148459,88084,1,13.54,22.81
3290,100,0.000294985,2068791,170500,90000,1,12.13,22.99
3300,100,0.000294118,2020625,251750,90334,1,8.03,22.37
3310,100,0.000293255,2055875,189792,91333,1,10.83,22.51
3320,100,0.000292398,2066667,184542,92792,1,11.2,22.27
3330,100,0.000291545,2086041,249250,92500,1,8.37,22.55
3340,100,0.000290698,2091834,196917,93833,1,10.62,22.29
3350,100,0.000289855,2060959,157375,93958,1,13.1,21.93
3360,100,0.000289017,4789084,161916,92875,1,29.58,51.56
3370,100,0.000288184,2056125,164334,90250,1,12.51,22.78
3380,100,0.000287356,2064458,162292,91875,1,12.72,22.47
3390,100,0.000286533,2252583,177208,101083,1,12.71,22.28
3400,100,0.000285714,2094542,155833,93083,1,13.44,22.5
3410,100,0.0002849,2077125,186333,102333,1,11.15,20.3
3420,100,0.000284091,2410041,202167,109250,1,11.92,22.06
3430,100,0.000283286,2435541,205625,105333,1,11.84,23.12
3440,100,0.000282486,2413834,167541,104458,1,14.41,23.11
3450,100,0.00028169,2282084,172750,101709,1,13.21,22.44
3460,100,0.000280899,2325083,176958,103541,1,13.14,22.46
3470,100,0.000280112,2307833,176834,108125,1,13.05,21.34
3480,100,0.00027933,2310167,174041,108625,1,13.27,21.27
3490,100,0.000278552,2308792,178625,113417,1,12.93,20.36
3500,100,0.000277778,2312667,155625,102875,1,14.86,22.48
3510,100,0.000277008,2138750,167959,95000,1,12.73,22.51
3520,100,0.000276243,2115041,155750,95209,1,13.58,22.21
3530,100,0.000275482,2155125,184750,94667,1,11.67,22.77
3540,100,0.000274725,2158250,163917,94375,1,13.17,22.87
3550,100,0.000273973,2162209,165584,95000,1,13.06,22.76
3560,100,0.000273224,2176083,168167,96375,1,12.94,22.58
3570,100,0.00027248,2189916,192584,96875,1,11.37,22.61
3580,100,0.000271739,2043959,164833,91042,1,12.4,22.45
3590,100,0.000271003,2055583,157959,90500,1,13.01,22.71
3600,100,0.00027027,2060709,164875,90625,1,12.5,22.74
3610,100,0.000269542,2056000,160584,90666,1,12.8,22.68
3620,100,0.000268817,2070750,153917,98875,1,13.45,20.94
3630,100,0.000268097,2062709,153292,91041,1,13.46,22.66
3640,100,0.00026738,2087583,252125,94041,1,8.28,22.2
3650,100,0.000266667,2084750,205500,96291,1,10.14,21.65
3660,100,0.000265957,2118709,172625,104041,1,12.27,20.36
3670,100,0.000265252,2243708,204417,100834,1,10.98,22.25
3680,100,0.00026455,2268625,176375,100541,1,12.86,22.56
3690,100,0.000263852,2460625,210917,116958,1,11.67,21.04
3700,100,0.000263158,2440750,186333,108583,1,13.1,22.48
3710,100,0.000262467,2453916,184833,111916,1,13.28,21.93
3720,100,0.00026178,2459417,304125,108625,1,8.09,22.64
3730,100,0.000261097,2275333,167875,103208,1,13.55,22.05
3740,100,0.000260417,2273042,166083,100709,1,13.69,22.57
3750,100,0.00025974,2289875,168834,113375,1,13.56,20.2
3760,100,0.000259067,2305458,190500,101709,1,12.1,22.67
3770,100,0.000258398,2634458,173458,102917,1,15.19,25.6
3780,100,0.000257732,2314125,167000,101917,1,13.86,22.71
3790,100,0.000257069,2344959,181167,111375,1,12.94,21.05
3800,100,0.00025641,2307750,170125,102625,1,13.57,22.49
3810,100,0.000255754,2323834,172041,101291,1,13.51,22.94
3820,100,0.000255102,2324875,216042,102458,1,10.76,22.69
3830,100,0.000254453,2342709,175416,104208,1,13.36,22.48
3840,100,0.000253807,2194916,168291,96875,1,13.04,22.66
3850,100,0.000253165,2199291,163458,96625,1,13.45,22.76
3860,100,0.000252525,2191042,165333,105708,1,13.25,20.73
3870,100,0.000251889,2196042,165083,98125,1,13.3,22.38
3880,100,0.000251256,2223500,168125,97333,1,13.23,22.84
3890,100,0.000250627,2217917,163083,96666,1,13.6,22.94
3900,100,0.00025,2213042,160667,99833,1,13.77,22.17
3910,100,0.000249377,2220625,169625,98708,1,13.09,22.5
3920,100,0.000248756,2229250,164834,98500,1,13.52,22.63
3930,100,0.000248139,2229209,173333,97667,1,12.86,22.82
3940,100,0.000247525,2233834,168917,100000,1,13.22,22.34
3950,100,0.000246914,2076833,154125,91125,1,13.47,22.79
3960,100,0.000246305,2250583,164708,100125,1,13.66,22.48
3970,100,0.0002457,2094250,157958,95584,1,13.26,21.91
3980,100,0.000245098,2112375,169708,92666,1,12.45,22.8
3990,100,0.000244499,2097459,160750,91625,1,13.05,22.89
4000,100,0.000243902,2105791,158000,92958,1,13.33,22.65
4010,100,0.000243309,2330333,339834,101167,1,6.86,23.03
4020,100,0.000242718,2034792,242750,96500,1,8.38,21.09
4030,100,0.000242131,2035125,151375,88250,1,13.44,23.06
4040,100,0.000241546,2031292,152500,96000,1,13.32,21.16
4050,100,0.000240964,2031125,153208,89917,1,13.26,22.59
4060,100,0.000240385,2045000,148875,95209,1,13.74,21.48
4070,100,0.000239808,2053291,156542,96625,1,13.12,21.25
4080,100,0.000239234,2038917,145958,89875,1,13.97,22.69
4090,100,0.000238663,2061125,156083,94375,1,13.21,21.84
4100,100,0.000238095,2179625,155958,103250,1,13.98,21.11
4110,100,0.00023753,2141791,194917,97583,1,10.99,21.95
4120,100,0.000236967,2181208,157167,102125,1,13.88,21.36
4130,100,0.000236407,2239750,172083,93458,1,13.02,23.97
4140,100,0.000235849,2199792,157875,91625,1,13.93,24.01
4150,100,0.000235294,2153625,160166,92583,1,13.45,23.26
4160,100,0.000234742,2156291,162666,102792,1,13.26,20.98
4170,100,0.000234192,2202042,175750,109292,1,12.53,20.15
4180,100,0.000233645,2384833,288250,111084,1,8.27,21.47
4190,100,0.0002331,2386834,200542,106084,1,11.9,22.5
4200,100,0.000232558,2435875,185792,101667,1,13.11,23.96
4210,100,0.000232019,2281209,180625,101792,1,12.63,22.41
4220,100,0.000231481,2197750,192209,94958,1,11.43,23.14
4230,100,0.000230947,2261792,167333,96084,1,13.52,23.54
4240,100,0.000230415,2203667,225250,96542,1,9.78,22.83
4250,100,0.000229885,2214500,168792,95625,1,13.12,23.16
4260,100,0.000229358,2302834,209666,109792,1,10.98,20.97
4270,100,0.000228833,2308042,177584,112167,1,13,20.58
4280,100,0.000228311,2310125,177750,101500,1,13,22.76
4290,100,0.00022779,2372208,195375,100708,1,12.14,23.56
4300,100,0.000227273,2393500,170333,103875,1,14.05,23.04
4310,100,0.000226757,2337834,180209,103333,1,12.97,22.62
4320,100,0.000226244,2935666,232333,109417,1,12.64,26.83
4330,100,0.000225734,2347250,194958,103500,1,12.04,22.68
4340,100,0.000225225,2370291,185000,103208,1,12.81,22.97
4350,100,0.000224719,2398542,176875,102750,1,13.56,23.34
4360,100,0.000224215,2452833,189958,128042,1,12.91,19.16
4370,100,0.000223714,2351333,175000,103166,1,13.44,22.79
4380,100,0.000223214,2369834,201042,105917,1,11.79,22.37
4390,100,0.000222717,2387083,183125,103917,1,13.04,22.97
4400,100,0.000222222,2440167,198042,238958,1,12.32,10.21
4410,100,0.000221729,2376833,175708,102958,1,13.53,23.09
4420,100,0.000221239,2377792,178042,103417,1,13.36,22.99
4430,100,0.000220751,2394417,180375,102834,1,13.27,23.28
4440,100,0.000220264,2394416,180250,101125,1,13.28,23.68
4450,100,0.00021978,2546250,189833,104417,1,13.41,24.39
4460,100,0.000219298,2390916,180208,100250,1,13.27,23.85
4470,100,0.000218818,2345750,176666,99750,1,13.28,23.52
4480,100,0.000218341,2305167,171333,98667,1,13.45,23.36
4490,100,0.000217865,2333125,174125,100000,1,13.4,23.33
4500,100,0.000217391,2334667,166875,99625,1,13.99,23.43
4510,100,0.00021692,2320375,186917,98625,1,12.41,23.53
4520,100,0.00021645,2415375,244291,108708,1,9.89,22.22
4530,100,0.000215983,2697166,222917,110334,1,12.1,24.45
4540,100,0.000215517,2431541,814834,110083,1,2.98,22.09
4550,100,0.000215054,2489958,212334,106584,1,11.73,23.36
4560,100,0.000214592,2484166,246167,127792,1,10.09,19.44
4570,100,0.000214133,2605750,200917,108458,1,12.97,24.03
4580,100,0.000213675,2380916,186750,103625,1,12.75,22.98
4590,100,0.00021322,2467459,198083,123375,1,12.46,20
4600,100,0.000212766,2455459,224084,102083,1,10.96,24.05
4610,100,0.000212314,2455584,515958,111333,1,4.76,22.06
4620,100,0.000211864,2516416,240667,111000,1,10.46,22.67
4630,100,0.000211416,2514000,217208,113959,1,11.57,22.06
4640,100,0.00021097,2426292,231333,103375,1,10.49,23.47
4650,100,0.000210526,2430833,236541,105500,1,10.28,23.04
4660,100,0.000210084,2407750,262500,109166,1,9.17,22.06
4670,100,0.000209644,2555375,221916,110708,1,11.52,23.08
4680,100,0.000209205,2620959,232625,108834,1,11.27,24.08
4690,100,0.000208768,2401292,206375,112083,1,11.64,21.42
4700,100,0.000208333,2576792,223125,112750,1,11.55,22.85
4710,100,0.0002079,2422334,216166,103542,1,11.21,23.39
4720,100,0.000207469,2439458,260167,165667,1,9.38,14.73
4730,100,0.000207039,2419292,251291,103542,1,9.63,23.37
4740,100,0.000206612,2451083,246333,105250,1,9.95,23.29
4750,100,0.000206186,2584666,224416,107166,1,11.52,24.12
4760,100,0.000205761,2511583,267875,110083,1,9.38,22.82
4770,100,0.000205339,2552833,284000,105834,1,8.99,24.12
4780,100,0.000204918,2546667,238042,115750,1,10.7,22
4790,100,0.000204499,2538417,310250,113667,1,8.18,22.33
4800,100,0.000204082,2480291,214333,109667,1,11.57,22.62
4810,100,0.000203666,2610125,348250,114333,1,7.49,22.83
4820,100,0.000203252,2672792,243875,114709,1,10.96,23.3
4830,100,0.00020284,2589500,252333,111708,1,10.26,23.18
4840,100,0.000202429,2502458,220084,107292,1,11.37,23.32
4850,100,0.00020202,2472250,203333,105750,1,12.16,23.38
4860,100,0.000201613,2507000,228125,114625,1,10.99,21.87
4870,100,0.000201207,2525375,239709,111666,1,10.54,22.62
4880,100,0.000200803,2494333,228000,111250,1,10.94,22.42
4890,100,0.000200401,2541583,214958,107333,1,11.82,23.68
4900,100,0.0002,2523917,259583,107625,1,9.72,23.45
4910,100,0.000199601,2562209,255583,107959,1,10.02,23.73
4920,100,0.000199203,2548666,220792,108083,1,11.54,23.58
4930,100,0.000198807,2506209,219792,110459,1,11.4,22.69
4940,100,0.000198413,4825083,1007209,121083,1,4.79,39.85
4950,100,0.00019802,2681708,274125,116375,1,9.78,23.04
4960,100,0.000197628,2694500,207792,118958,1,12.97,22.65
4970,100,0.000197239,2630792,215875,121875,1,12.19,21.59
4980,100,0.00019685,2543292,248166,110084,1,10.25,23.1
4990,100,0.000196464,2540958,236667,110042,1,10.74,23.09
5000,100,0.000196078,2552166,202250,114209,1,12.62,22.35
5010,100,0.000195695,2555167,204834,111375,1,12.47,22.94
5020,100,0.000195313,2592542,237084,110875,1,10.94,23.38
5030,100,0.000194932,2567083,192834,110250,1,13.31,23.28
5040,100,0.000194553,2562500,187250,108500,1,13.68,23.62
5050,100,0.000194175,2568000,202792,109250,1,12.66,23.51
5060,100,0.000193798,2612250,228625,111542,1,11.43,23.42
5070,100,0.000193424,3733083,1970292,119666,1,1.89,31.2
5080,100,0.00019305,2781291,248416,114583,1,11.2,24.27
5090,100,0.000192678,2823500,349542,120750,1,8.08,23.38
5100,100,0.000192308,2677125,222916,118708,1,12.01,22.55
5110,100,0.000191939,2654584,266417,139875,1,9.96,18.98
5120,100,0.000191571,2745625,263708,112291,1,10.41,24.45
5130,100,0.000191205,2668541,261417,115125,1,10.21,23.18
5140,100,0.00019084,2645125,220292,112625,1,12.01,23.49
5150,100,0.000190476,2884917,308083,121750,1,9.36,23.7
5160,100,0.000190114,2656042,228083,112541,1,11.65,23.6
5170,100,0.000189753,2761041,211542,114500,1,13.05,24.11
5180,100,0.000189394,2689416,273292,120125,1,9.84,22.39
5190,100,0.000189036,2673125,237541,117083,1,11.25,22.83
5200,100,0.000188679,2665541,214792,121041,1,12.41,22.02
5210,100,0.000188324,2651125,228916,113458,1,11.58,23.37
5220,100,0.00018797,2687375,219542,113292,1,12.24,23.72
5230,100,0.000187617,2660916,200500,112166,1,13.27,23.72
5240,100,0.000187266,2659417,203583,111833,1,13.06,23.78
5250,100,0.000186916,2670250,184416,114375,1,14.48,23.35
5260,100,0.000186567,2694084,214167,115833,1,12.58,23.26
5270,100,0.00018622,2679375,186250,113708,1,14.39,23.56
5280,100,0.000185874,2694833,196375,113417,1,13.72,23.76
5290,100,0.000185529,2683333,202833,121250,1,13.23,22.13
5300,100,0.000185185,2688209,211666,115250,1,12.7,23.33
5310,100,0.000184843,2702042,222791,114084,1,12.13,23.68
5320,100,0.000184502,2864875,255292,118542,1,11.22,24.17
5330,100,0.000184162,2857125,255416,120542,1,11.19,23.7
5340,100,0.000183824,2862792,230083,123959,1,12.44,23.09
5350,100,0.000183486,2720375,255125,116458,1,10.66,23.36
5360,100,0.00018315,2728208,203500,115875,1,13.41,23.54
5370,100,0.000182815,2725833,209666,115625,1,13,23.57
5380,100,0.000182482,2735250,208542,116000,1,13.12,23.58
5390,100,0.000182149,2732208,207875,115125,1,13.14,23.73
5400,100,0.000181818,2745292,220042,118042,1,12.48,23.26
5410,100,0.000181488,2743542,217500,116333,1,12.61,23.58
5420,100,0.000181159,2758208,213917,116667,1,12.89,23.64
5430,100,0.000180832,3159250,210958,116791,1,14.98,27.05
5440,100,0.000180505,2757959,232042,116792,1,11.89,23.61
5450,100,0.00018018,2837542,207833,116500,1,13.65,24.36
5460,100,0.000179856,2767208,231750,117250,1,11.94,23.6
5470,100,0.000179533,2768458,233583,116875,1,11.85,23.69
5480,100,0.000179211,2781417,202208,118042,1,13.76,23.56
5490,100,0.000178891,2767084,245750,117791,1,11.26,23.49
5500,100,0.000178571,2787250,235333,118291,1,11.84,23.56
5510,100,0.000178253,2955292,249750,125583,1,11.83,23.53
5520,100,0.000177936,2858583,288500,125375,1,9.91,22.8
5530,100,0.00017762,2807000,259291,120000,1,10.83,23.39
5540,100,0.000177305,2879709,251125,122583,1,11.47,23.49
5550,100,0.000176991,2810958,229125,120833,1,12.27,23.26
5560,100,0.000176678,2821875,226625,121291,1,12.45,23.27
5570,100,0.000176367,2823458,223208,120084,1,12.65,23.51
5580,100,0.000176056,2835416,250041,123333,1,11.34,22.99
5590,100,0.000175747,3457000,239000,121042,1,14.46,28.56
5600,100,0.000175439,3012375,316042,129541,1,9.53,23.25
5610,100,0.000175131,3159292,279000,151875,1,11.32,20.8
5620,100,0.000174825,2849875,217709,124458,1,13.09,22.9
5630,100,0.00017452,2770292,229583,122750,1,12.07,22.57
5640,100,0.000174216,2977042,238291,123292,1,12.49,24.15
5650,100,0.000173913,2897000,241791,132042,1,11.98,21.94
5660,100,0.000173611,2878458,269208,132375,1,10.69,21.74
5670,100,0.00017331,2891334,244917,123208,1,11.81,23.47
5680,100,0.00017301,2872875,226583,122166,1,12.68,23.52
5690,100,0.000172712,2876000,230167,122416,1,12.5,23.49
5700,100,0.000172414,2878042,201083,122375,1,14.31,23.52
5710,100,0.000172117,2911875,223125,125416,1,13.05,23.22
5720,100,0.000171821,2905750,246833,124334,1,11.77,23.37
5730,100,0.000171527,2927333,250042,124375,1,11.71,23.54
5740,100,0.000171233,2905333,225208,124208,1,12.9,23.39
5750,100,0.00017094,2952209,271458,124542,1,10.88,23.7
5760,100,0.000170648,2980292,219000,127792,1,13.61,23.32
5770,100,0.000170358,2907708,217959,123375,1,13.34,23.57
5780,100,0.000170068,2933000,258958,124125,1,11.33,23.63
5790,100,0.000169779,2927792,266625,125042,1,10.98,23.41
5800,100,0.000169492,2934333,220875,124375,1,13.29,23.59
5810,100,0.000169205,2932291,207458,124750,1,14.13,23.51
5820,100,0.000168919,2952292,260708,127958,1,11.32,23.07
5830,100,0.000168634,2949125,212083,125666,1,13.91,23.47
5840,100,0.00016835,2947333,222500,125542,1,13.25,23.48
5850,100,0.000168067,2979667,257541,126917,1,11.57,23.48
5860,100,0.000167785,2982417,265291,130209,1,11.24,22.9
5870,100,0.000167504,2988708,320334,127792,1,9.33,23.39
5880,100,0.000167224,3000542,241542,127583,1,12.42,23.52
5890,100,0.000166945,3030208,243375,128666,1,12.45,23.55
5900,100,0.000166667,3000041,287959,131500,1,10.42,22.81
5910,100,0.000166389,2994875,296708,129375,1,10.09,23.15
5920,100,0.000166113,3313083,294792,140750,1,11.24,23.54
5930,100,0.000165837,3070250,376750,179583,1,8.15,17.1
5940,100,0.000165563,5581000,276625,133792,1,20.18,41.71
5950,100,0.000165289,3070459,293375,133500,1,10.47,23
5960,100,0.000165017,3142667,244458,134083,1,12.86,23.44
5970,100,0.000164745,3238042,275959,140333,1,11.73,23.07
5980,100,0.000164474,3046958,254375,134708,1,11.98,22.62
5990,100,0.000164204,3026334,307625,132583,1,9.84,22.83
6000,100,0.000163934,3032542,330666,129833,1,9.17,23.36
6010,100,0.000163666,3084084,963291,139709,1,3.2,22.08
6020,100,0.000163399,3229541,274333,139875,1,11.77,23.09
6030,100,0.000163132,5058500,227666,142334,1,22.22,35.54
6040,100,0.000162866,3059083,287417,139125,1,10.64,21.99
6050,100,0.000162602,3050792,222417,129583,1,13.72,23.54
6060,100,0.000162338,3053167,211000,130125,1,14.47,23.46
6070,100,0.000162075,3058291,240666,129750,1,12.71,23.57
6080,100,0.000161812,3069666,230333,130083,1,13.33,23.6
6090,100,0.000161551,3095666,221542,130625,1,13.97,23.7
6100,100,0.00016129,3066583,219375,130333,1,13.98,23.53
6110,100,0.000161031,3081916,222875,130959,1,13.83,23.53
6120,100,0.000160772,3082750,235417,131459,1,13.09,23.45
6130,100,0.000160514,3107750,253250,131208,1,12.27,23.69
6140,100,0.000160256,3086667,218500,131667,1,14.13,23.44
6150,100,0.00016,3280541,246333,142625,1,13.32,23
6160,100,0.000159744,3091875,231125,137917,1,13.38,22.42
6170,100,0.00015949,3113708,229042,135750,1,13.59,22.94
6180,100,0.000159236,3113583,239667,135833,1,12.99,22.92
6190,100,0.000158983,3117833,249083,132541,1,12.52,23.52
6200,100,0.00015873,3122166,263667,132666,1,11.84,23.53
6210,100,0.000158479,3119958,254334,132792,1,12.27,23.5
6220,100,0.000158228,3153625,245958,133542,1,12.82,23.62
6230,100,0.000157978,3138750,228250,132750,1,13.75,23.64
6240,100,0.000157729,3142000,259542,135417,1,12.11,23.2
6250,100,0.00015748,3305666,413583,143000,1,7.99,23.12
6260,100,0.000157233,3382459,674500,145958,1,5.01,23.17
6270,100,0.000156986,3315583,266375,138292,1,12.45,23.98
6280,100,0.00015674,3322791,244208,146625,1,13.61,22.66
6290,100,0.000156495,3302708,305583,143750,1,10.81,22.98
6300,100,0.00015625,3291750,331083,151292,1,9.94,21.76
6310,100,0.000156006,3198209,239959,136583,1,13.33,23.42
6320,100,0.000155763,3247875,290417,147167,1,11.18,22.07
6330,100,0.000155521,3385042,264667,144000,1,12.79,23.51
6340,100,0.00015528,3353958,285583,142125,1,11.74,23.6
6350,100,0.000155039,3367375,249375,153458,1,13.5,21.94
6360,100,0.000154799,3332250,265500,147459,1,12.55,22.6
6370,100,0.00015456,3362208,261958,144292,1,12.83,23.3
6380,100,0.000154321,3356458,262833,145125,1,12.77,23.13
6390,100,0.000154083,3401250,485625,147458,1,7,23.07
6400,100,0.000153846,3386208,255416,142916,1,13.26,23.69
6410,100,0.00015361,3358709,249959,146208,1,13.44,22.97
6420,100,0.000153374,3230708,259042,138417,1,12.47,23.34
6430,100,0.000153139,3389500,301459,149083,1,11.24,22.74
6440,100,0.000152905,3254750,274417,139875,1,11.86,23.27
6450,100,0.000152672,3399416,296500,142875,1,11.47,23.79
6460,100,0.000152439,3386125,301541,141458,1,11.23,23.94
6470,100,0.000152207,3261084,266625,139000,1,12.23,23.46
6480,100,0.000151976,3267292,247916,139000,1,13.18,23.51
6490,100,0.000151745,3267083,266375,139291,1,12.26,23.46
6500,100,0.000151515,3266500,236834,139166,1,13.79,23.47
6510,100,0.000151286,3274375,249417,139625,1,13.13,23.45
6520,100,0.000151057,3273000,223542,138833,1,14.64,23.58
6530,100,0.00015083,3278542,276334,145459,1,11.86,22.54
6540,100,0.000150602,3337708,238000,140250,1,14.02,23.8
6550,100,0.000150376,3330250,1176541,142292,1,2.83,23.4
6560,100,0.00015015,3325916,270083,153791,1,12.31,21.63
6570,100,0.000149925,3302375,365125,140750,1,9.04,23.46
6580,100,0.000149701,3307583,261875,140833,1,12.63,23.49
6590,100,0.000149477,3320459,251500,140250,1,13.2,23.68
6600,100,0.000149254,3342334,270459,141334,1,12.36,23.65
6610,100,0.000149031,3370875,256125,142041,1,13.16,23.73
6620,100,0.00014881,3328500,261167,141625,1,12.74,23.5
6630,100,0.000148588,3333667,274916,141792,1,12.13,23.51
6640,100,0.000148368,3337541,256792,141709,1,13,23.55
6650,100,0.000148148,3360334,265916,142084,1,12.64,23.65
6660,100,0.000147929,3342583,470250,142542,1,7.11,23.45
6670,100,0.00014771,3352875,268792,142333,1,12.47,23.56
6680,100,0.000147493,3351708,239042,147959,1,14.02,22.65
6690,100,0.000147275,3332584,274791,143875,1,12.13,23.16
6700,100,0.000147059,3410833,285875,144250,1,11.93,23.65
6710,100,0.000146843,3378334,251250,143417,1,13.45,23.56
6720,100,0.000146628,3398250,231541,144334,1,14.68,23.54
6730,100,0.000146413,3373541,290083,144500,1,11.63,23.35
6740,100,0.000146199,3438333,263625,144291,1,13.04,23.83
6750,100,0.000145985,3402916,272708,145125,1,12.48,23.45
6760,100,0.000145773,3615667,431750,155333,1,8.37,23.28
6770,100,0.00014556,3405292,306750,150333,1,11.1,22.65
6780,100,0.000145349,3415250,268750,145750,1,12.71,23.43
6790,100,0.000145138,3403666,263625,145250,1,12.91,23.43
6800,100,0.000144928,3423541,251541,156333,1,13.61,21.9
6810,100,0.000144718,3433750,245041,145583,1,14.01,23.59
6820,100,0.000144509,3422334,253541,147625,1,13.5,23.18
6830,100,0.0001443,3426959,258167,146166,1,13.27,23.45
6840,100,0.000144092,3448875,280458,146291,1,12.3,23.58
6850,100,0.000143885,3465875,263167,146292,1,13.17,23.69
6860,100,0.000143678,3446959,267083,147167,1,12.91,23.42
6870,100,0.000143472,3440250,290042,149583,1,11.86,23
6880,100,0.000143266,3460583,252292,146292,1,13.72,23.66
6890,100,0.000143062,3457083,263458,147291,1,13.12,23.47
6900,100,0.000142857,3468167,277375,149875,1,12.5,23.14
6910,100,0.000142653,3464166,321708,147292,1,10.77,23.52
6920,100,0.00014245,3470959,272125,147750,1,12.76,23.49
6930,100,0.000142248,3478083,283917,147167,1,12.25,23.63
6940,100,0.000142045,3476333,278500,148416,1,12.48,23.42
6950,100,0.000141844,3569041,287500,148333,1,12.41,24.06
6960,100,0.000141643,3498166,270292,159417,1,12.94,21.94
6970,100,0.000141443,3507292,262541,148958,1,13.36,23.55
6980,100,0.000141243,3697708,400375,156083,1,9.24,23.69
6990,100,0.000141044,3577709,365417,153042,1,9.79,23.38
7000,100,0.000140845,3507834,268208,150000,1,13.08,23.39
7010,100,0.000140647,3531334,298000,150791,1,11.85,23.42
7020,100,0.000140449,3511208,257042,155250,1,13.66,22.62
7030,100,0.000140252,3594833,291083,152291,1,12.35,23.61
7040,100,0.000140056,3578167,287875,152125,1,12.43,23.52
7050,100,0.00013986,3564792,257166,150458,1,13.86,23.69
7060,100,0.000139665,3546875,265833,150375,1,13.34,23.59
7070,100,0.00013947,3541834,265708,152500,1,13.33,23.23
7080,100,0.000139276,3549583,246709,150667,1,14.39,23.56
7090,100,0.000139082,3531083,250208,154125,1,14.11,22.91
7100,100,0.000138889,3568416,260250,160792,1,13.71,22.19
7110,100,0.000138696,3567542,249833,154125,1,14.28,23.15
7120,100,0.000138504,3565583,249083,151375,1,14.31,23.55
7130,100,0.000138313,3570541,260417,157958,1,13.71,22.6
7140,100,0.000138122,3571167,251708,151792,1,14.19,23.53
7150,100,0.000137931,3582417,295250,161125,1,12.13,22.23
7160,100,0.000137741,3591875,279834,162833,1,12.84,22.06
7170,100,0.000137552,3592333,279083,155375,1,12.87,23.12
7180,100,0.000137363,3590333,267042,152375,1,13.44,23.56
7190,100,0.000137174,3913250,684208,165666,1,5.72,23.62
7200,100,0.000136986,3726500,287875,155542,1,12.94,23.96
7210,100,0.000136799,3611625,268208,153875,1,13.47,23.47
7220,100,0.000136612,3619125,293666,154417,1,12.32,23.44
7230,100,0.000136426,3628292,267542,153708,1,13.56,23.61
7240,100,0.00013624,3639833,259750,155333,1,14.01,23.43
7250,100,0.000136054,3628750,275084,154666,1,13.19,23.46
7260,100,0.00013587,3646250,264750,154625,1,13.77,23.58
7270,100,0.000135685,3641875,270250,154375,1,13.48,23.59
7280,100,0.000135501,3646000,284166,154542,1,12.83,23.59
7290,100,0.000135318,3661708,280750,155125,1,13.04,23.6
7300,100,0.000135135,3677250,274708,155000,1,13.39,23.72
7310,100,0.000134953,3667833,303125,155625,1,12.1,23.57
7320,100,0.000134771,3686208,257250,155791,1,14.33,23.66
7330,100,0.00013459,3680458,270167,159917,1,13.62,23.01
7340,100,0.000134409,3673750,322250,160083,1,11.4,22.95
7350,100,0.000134228,3741583,306875,160500,1,12.19,23.31
7360,100,0.000134048,3706750,257333,156125,1,14.4,23.74
7370,100,0.000133869,3697458,284250,157250,1,13.01,23.51
7380,100,0.00013369,3691125,257416,157042,1,14.34,23.5
7390,100,0.000133511,3702875,272083,156625,1,13.61,23.64
7400,100,0.000133333,3701416,275583,160500,1,13.43,23.06
7410,100,0.000133156,3703291,269209,161250,1,13.76,22.97
7420,100,0.000132979,3730125,254791,157375,1,14.64,23.7
7430,100,0.000132802,3740375,287583,157833,1,13.01,23.7
7440,100,0.000132626,3720042,273916,157333,1,13.58,23.64
7450,100,0.00013245,3723000,265084,161125,1,14.04,23.11
7460,100,0.000132275,3735250,299125,158417,1,12.49,23.58
7470,100,0.0001321,3754708,270792,161125,1,13.87,23.3
7480,100,0.000131926,3760208,313750,159458,1,11.98,23.58
7490,100,0.000131752,3731750,265958,158958,1,14.03,23.48
7500,100,0.000131579,3767500,269334,158625,1,13.99,23.75
7510,100,0.000131406,3816541,346625,162875,1,11.01,23.43
7520,100,0.000131234,3776334,320708,160500,1,11.77,23.53
7530,100,0.000131062,3768583,297125,163041,1,12.68,23.11
7540,100,0.00013089,3777959,301042,161583,1,12.55,23.38
7550,100,0.000130719,4381625,277667,159792,1,15.78,27.42
7560,100,0.000130548,3783167,270708,159709,1,13.98,23.69
7570,100,0.000130378,3794708,282459,161750,1,13.43,23.46
7580,100,0.000130208,3788084,272709,160667,1,13.89,23.58
7590,100,0.000130039,3795625,270333,161125,1,14.04,23.56
7600,100,0.00012987,3815125,298000,162583,1,12.8,23.47
7610,100,0.000129702,3811250,282083,161542,1,13.51,23.59
7620,100,0.000129534,3777875,485500,161583,1,7.78,23.38
7630,100,0.000129366,3703625,519959,162917,1,7.12,22.73
7640,100,0.000129199,3830333,288167,162042,1,13.29,23.64
7650,100,0.000129032,3904791,328250,163750,1,11.9,23.85
7660,100,0.000128866,3834584,298291,163334,1,12.86,23.48
7670,100,0.0001287,3836208,290458,162542,1,13.21,23.6
7680,100,0.000128535,3837708,298417,163500,1,12.86,23.47
7690,100,0.00012837,3909500,342750,164458,1,11.41,23.77
7700,100,0.000128205,3925917,362875,164042,1,10.82,23.93
7710,100,0.000128041,3853917,329041,164042,1,11.71,23.49
7720,100,0.000127877,3860875,269500,163417,1,14.33,23.63
7730,100,0.000127714,3865834,362584,168125,1,10.66,22.99
7740,100,0.000127551,3876792,314000,164541,1,12.35,23.56
7750,100,0.000127389,3891125,314833,167583,1,12.36,23.22
7760,100,0.000127226,3900875,310750,164792,1,12.55,23.67
7770,100,0.000127065,3872958,279042,165000,1,13.88,23.47
7780,100,0.000126904,3909292,289250,165834,1,13.52,23.57
7790,100,0.000126743,3972292,292625,169083,1,13.57,23.49
7800,100,0.000126582,3913875,278459,165041,1,14.06,23.71
7810,100,0.000126422,3901959,284250,164667,1,13.73,23.7
7820,100,0.000126263,3921666,306208,166584,1,12.81,23.54
7830,100,0.000126103,3918834,302833,168500,1,12.94,23.26
7840,100,0.000125945,3931667,308083,172583,1,12.76,22.78
7850,100,0.000125786,3926583,303917,165958,1,12.92,23.66
7860,100,0.000125628,3924250,328292,165750,1,11.95,23.68
7870,100,0.000125471,3947584,311750,168125,1,12.66,23.48
7880,100,0.000125313,3940708,288833,167000,1,13.64,23.6
7890,100,0.000125156,3945458,567667,167833,1,6.95,23.51
7900,100,0.000125,3947167,295458,168625,1,13.36,23.41
7910,100,0.000124844,3962542,296000,167208,1,13.39,23.7
7920,100,0.000124688,3963000,279375,167375,1,14.19,23.68
7930,100,0.000124533,3960416,327291,167834,1,12.1,23.6
7940,100,0.000124378,3969459,278708,168667,1,14.24,23.53
7950,100,0.000124224,3969500,306500,169583,1,12.95,23.41
7960,100,0.000124069,3976666,275083,168750,1,14.46,23.57
7970,100,0.000123916,4017959,310292,171041,1,12.95,23.49
7980,100,0.000123762,3985250,297250,169500,1,13.41,23.51
7990,100,0.000123609,3988459,327042,173541,1,12.2,22.98
8000,100,0.000123457,4019208,282750,169250,1,14.21,23.75
8010,100,0.000123305,5417500,1322125,226416,1,4.1,23.93
8020,100,0.000123153,4081292,445500,232125,1,9.16,17.58
8030,100,0.000123001,4070167,317833,192250,1,12.81,21.17
8040,100,0.00012285,4074584,307000,195792,1,13.27,20.81
8050,100,0.000122699,4066708,417417,171709,1,9.74,23.68
8060,100,0.000122549,4119208,360542,185417,1,11.43,22.22
8070,100,0.000122399,4049500,305000,177667,1,13.28,22.79
8080,100,0.000122249,4051458,329166,198791,1,12.31,20.38
8090,100,0.0001221,4089500,334583,173083,1,12.22,23.63
8100,100,0.000121951,4320084,544542,186166,1,7.93,23.21
8110,100,0.000121803,4138333,307083,175125,1,13.48,23.63
8120,100,0.000121655,4069584,370208,173250,1,10.99,23.49
8130,100,0.000121507,4086666,316833,176416,1,12.9,23.16
8140,100,0.000121359,4072375,339500,173375,1,12,23.49
8150,100,0.000121212,4147208,345125,181042,1,12.02,22.91
8160,100,0.000121065,4099959,353125,175000,1,11.61,23.43
8170,100,0.000120919,4334291,397625,185041,1,10.9,23.42
8180,100,0.000120773,4358375,399625,184833,1,10.91,23.58
8190,100,0.000120627,4326292,404708,187917,1,10.69,23.02
8200,100,0.000120482,4411334,362042,191000,1,12.18,23.1
8210,100,0.000120337,4381500,356000,195875,1,12.31,22.37
8220,100,0.000120192,4453250,345833,189333,1,12.88,23.52
8230,100,0.000120048,4479833,340958,195792,1,13.14,22.88
8240,100,0.000119904,4430833,456875,185042,1,9.7,23.95
8250,100,0.00011976,4444500,349333,192750,1,12.72,23.06
8260,100,0.000119617,4430625,365167,185542,1,12.13,23.88
8270,100,0.000119474,4542667,382541,185000,1,11.87,24.55
8280,100,0.000119332,4476458,362583,186375,1,12.35,24.02
8290,100,0.00011919,4443208,362000,186583,1,12.27,23.81
8300,100,0.000119048,4180709,340959,181667,1,12.26,23.01
8310,100,0.000118906,4303667,342375,184375,1,12.57,23.34
8320,100,0.000118765,4480792,459333,187583,1,9.75,23.89
8330,100,0.000118624,4473000,427084,201834,1,10.47,22.16
8340,100,0.000118483,4313208,342292,177667,1,12.6,24.28
8350,100,0.000118343,4511542,417250,190125,1,10.81,23.73
8360,100,0.000118203,4403542,402167,178333,1,10.95,24.69
8370,100,0.000118064,4283667,441833,186875,1,9.7,22.92
8380,100,0.000117925,4325750,345375,190166,1,12.52,22.75
8390,100,0.000117786,4313917,400709,202250,1,10.77,21.33
8400,100,0.000117647,4355583,323583,178625,1,13.46,24.38
8410,100,0.000117509,4317666,337375,196458,1,12.8,21.98
8420,100,0.000117371,4383125,317084,178792,1,13.82,24.52
8430,100,0.000117233,4356875,454375,190500,1,9.59,22.87
8440,100,0.000117096,4338375,354875,184167,1,12.23,23.56
8450,100,0.000116959,4318208,333875,180000,1,12.93,23.99
8460,100,0.000116822,4355375,338583,181500,1,12.86,24
8470,100,0.000116686,4360417,337833,180667,1,12.91,24.14
8480,100,0.00011655,4478375,356625,184042,1,12.56,24.33
8490,100,0.000116414,4378083,379042,189166,1,11.55,23.14
8500,100,0.000116279,4414375,424209,180333,1,10.41,24.48
8510,100,0.000116144,4380500,339125,194083,1,12.92,22.57
8520,100,0.000116009,4359166,341125,181166,1,12.78,24.06
8530,100,0.000115875,4381209,330125,184917,1,13.27,23.69
8540,100,0.000115741,4385000,332750,190250,1,13.18,23.05
8550,100,0.000115607,5033917,343416,181500,1,14.66,27.74
8560,100,0.000115473,4371041,393750,181792,1,11.1,24.04
8570,100,0.00011534,4378583,348458,181791,1,12.57,24.09
8580,100,0.000115207,4644958,337500,181750,1,13.76,25.56
8590,100,0.000115075,4405208,328750,182125,1,13.4,24.19
8600,100,0.000114943,4412083,354750,182083,1,12.44,24.23
8610,100,0.000114811,4415250,374084,189167,1,11.8,23.34
8620,100,0.000114679,4428708,344375,191916,1,12.86,23.08
8630,100,0.000114548,4415958,317667,183750,1,13.9,24.03
8640,100,0.000114416,4541000,335041,183750,1,13.55,24.71
8650,100,0.000114286,4420291,408417,183959,1,10.82,24.03
8660,100,0.000114155,4421875,350291,188959,1,12.62,23.4
8670,100,0.000114025,4442917,342041,184333,1,12.99,24.1
8680,100,0.000113895,4478709,328791,184250,1,13.62,24.31
8690,100,0.000113766,4444791,347458,191958,1,12.79,23.16
8700,100,0.000113636,4516334,348500,194833,1,12.96,23.18
8710,100,0.000113507,4460625,334958,184416,1,13.32,24.19
8720,100,0.000113379,4472083,347833,189000,1,12.86,23.66
8730,100,0.00011325,4470833,347417,184875,1,12.87,24.18
8740,100,0.000113122,4476833,329875,186084,1,13.57,24.06
8750,100,0.000112994,4500875,331875,186292,1,13.56,24.16
8760,100,0.000112867,4486750,366750,186250,1,12.23,24.09
8770,100,0.00011274,4535750,368250,192042,1,12.32,23.62
8780,100,0.000112613,4504833,368666,186625,1,12.22,24.14
8790,100,0.000112486,4489959,334250,185875,1,13.43,24.16
8800,100,0.00011236,4596834,377375,192833,1,12.18,23.84
8810,100,0.000112233,4526792,335958,189916,1,13.47,23.84
8820,100,0.000112108,4521709,345042,190417,1,13.1,23.75
8830,100,0.000111982,4516708,382500,191417,1,11.81,23.6
8840,100,0.000111857,4544959,379250,188166,1,11.98,24.15
8850,100,0.000111732,4521250,401292,189125,1,11.27,23.91
8860,100,0.000111607,4517750,388167,197417,1,11.64,22.88
8870,100,0.000111483,4534792,343875,188333,1,13.19,24.08
8880,100,0.000111359,4537667,345333,195000,1,13.14,23.27
8890,100,0.000111235,4540416,339125,189459,1,13.39,23.97
8900,100,0.000111111,4562459,339167,189208,1,13.45,24.11
8910,100,0.000110988,4573500,385875,188416,1,11.85,24.27
8920,100,0.000110865,4562292,411375,190667,1,11.09,23.93
8930,100,0.000110742,5240042,373083,192125,1,14.05,27.27
8940,100,0.000110619,4569958,340541,190542,1,13.42,23.98
8950,100,0.000110497,4560333,354375,190083,1,12.87,23.99
8960,100,0.000110375,4582208,369292,191041,1,12.41,23.99
8970,100,0.000110254,4589958,350791,190584,1,13.08,24.08
8980,100,0.000110132,4585125,353833,190792,1,12.96,24.03
8990,100,0.000110011,4591250,388000,192084,1,11.83,23.9
9000,100,0.00010989,4615167,354375,195542,1,13.02,23.6
9010,100,0.000109769,4735958,472875,196667,1,10.02,24.08
9020,100,0.000109649,4628916,415459,197500,1,11.14,23.44
9030,100,0.000109529,4658208,372709,201250,1,12.5,23.15
9040,100,0.000109409,4604584,357542,194666,1,12.88,23.65
9050,100,0.00010929,4625959,351000,192375,1,13.18,24.05
9060,100,0.00010917,4641917,370875,192750,1,12.52,24.08
9070,100,0.000109051,4644625,371542,192292,1,12.5,24.15
9080,100,0.000108932,4633041,339375,192458,1,13.65,24.07
9090,100,0.000108814,4812917,533166,206042,1,9.03,23.36
9100,100,0.000108696,4697042,344958,194125,1,13.62,24.2
9110,100,0.000108578,4695292,366708,194125,1,12.8,24.19
9120,100,0.00010846,4671667,363917,201166,1,12.84,23.22
9130,100,0.000108342,4663166,399750,194166,1,11.67,24.02
9140,100,0.000108225,4687000,346250,194000,1,13.54,24.16
9150,100,0.000108108,4698125,395083,194041,1,11.89,24.21
9160,100,0.000107991,4679750,360000,194083,1,13,24.11
9170,100,0.000107875,4699542,353583,194333,1,13.29,24.18
9180,100,0.000107759,4690083,380833,194500,1,12.32,24.11
9190,100,0.000107643,4692500,415084,195625,1,11.3,23.99
9200,100,0.000107527,4685167,367833,197625,1,12.74,23.71
9210,100,0.000107411,4728333,353959,195167,1,13.36,24.23
9220,100,0.000107296,4695041,387791,195416,1,12.11,24.03
9230,100,0.000107181,4714208,371917,194917,1,12.68,24.19
9240,100,0.000107066,4700167,350458,199292,1,13.41,23.58
9250,100,0.000106952,4714542,477958,205708,1,9.86,22.92
9260,100,0.000106838,4777958,369666,199542,1,12.93,23.94
9270,100,0.000106724,4723334,357500,196542,1,13.21,24.03
9280,100,0.00010661,4743375,407625,196875,1,11.64,24.09
9290,100,0.000106496,4734208,368583,196167,1,12.84,24.13
9300,100,0.000106383,4736375,367375,198209,1,12.89,23.9
9310,100,0.00010627,4763458,353042,197125,1,13.49,24.16
9320,100,0.000106157,4774917,375292,198292,1,12.72,24.08
9330,100,0.000106045,4818416,377250,198625,1,12.77,24.26
9340,100,0.000105932,4761625,381750,199125,1,12.47,23.91
9350,100,0.00010582,4825083,374417,198458,1,12.89,24.31
9360,100,0.000105708,4763417,379125,201042,1,12.56,23.69
9370,100,0.000105597,4761167,405209,202500,1,11.75,23.51
9380,100,0.000105485,4782625,422875,199583,1,11.31,23.96
9390,100,0.000105374,4839041,386916,201958,1,12.51,23.96
9400,100,0.000105263,4800500,385625,199458,1,12.45,24.07
9410,100,0.000105152,4816292,405333,198875,1,11.88,24.22
9420,100,0.000105042,4823000,375917,199792,1,12.83,24.14
9430,100,0.000104932,4799667,395541,218125,1,12.13,22
9440,100,0.000104822,4804250,394666,200416,1,12.17,23.97
9450,100,0.000104712,4818291,364750,211250,1,13.21,22.81
9460,100,0.000104603,4902958,376250,202750,1,13.03,24.18
9470,100,0.000104493,4839208,396583,201875,1,12.2,23.97
9480,100,0.000104384,4825166,389916,202708,1,12.37,23.8
9490,100,0.000104275,4857541,458708,206333,1,10.59,23.54
9500,100,0.000104167,4838916,406625,201709,1,11.9,23.99
9510,100,0.000104058,4833709,402791,202000,1,12,23.93
9520,100,0.00010395,4857166,438458,203583,1,11.08,23.86
9530,100,0.000103842,4928292,463250,205292,1,10.64,24.01
9540,100,0.000103734,4932292,385666,205166,1,12.79,24.04
9550,100,0.000103627,4860291,379833,202375,1,12.8,24.02
9560,100,0.00010352,4880625,398333,203000,1,12.25,24.04
9570,100,0.000103413,10633916,384083,203584,1,27.69,52.23
9580,100,0.000103306,4878542,378500,210458,1,12.89,23.18
9590,100,0.000103199,4872125,397834,203375,1,12.25,23.96
9600,100,0.000103093,4892000,361417,203416,1,13.54,24.05
9610,100,0.000102987,4907292,373084,204334,1,13.15,24.02
9620,100,0.000102881,5614333,373375,206958,1,15.04,27.13
9630,100,0.000102775,4848667,372833,204208,1,13,23.74
9640,100,0.000102669,4926083,392833,207250,1,12.54,23.77
9650,100,0.000102564,4910208,507334,209542,1,9.68,23.43
9660,100,0.000102459,4918166,386208,204958,1,12.73,24
9670,100,0.000102354,4925625,375417,204875,1,13.12,24.04
9680,100,0.000102249,4943167,371709,205000,1,13.3,24.11
9690,100,0.000102145,4961917,390750,206167,1,12.7,24.07
9700,100,0.000102041,4950083,387958,207583,1,12.76,23.85
9710,100,0.000101937,4971916,417458,208709,1,11.91,23.82
9720,100,0.000101833,4956334,434875,205666,1,11.4,24.1
9730,100,0.000101729,4969291,403708,206125,1,12.31,24.11
9740,100,0.000101626,4947667,417166,206875,1,11.86,23.92
9750,100,0.000101523,4987166,467750,205917,1,10.66,24.22
9760,100,0.00010142,5041625,392584,209125,1,12.84,24.11
9770,100,0.000101317,4858333,393625,207584,1,12.34,23.4
9780,100,0.000101215,5074250,441208,212000,1,11.5,23.94
9790,100,0.000101112,5012584,399125,207958,1,12.56,24.1
9800,100,0.00010101,4995375,402416,208500,1,12.41,23.96
9810,100,0.000100908,5010000,410625,208083,1,12.2,24.08
9820,100,0.000100806,5004084,409292,227000,1,12.23,22.04
9830,100,0.000100705,4999458,415750,211583,1,12.03,23.63
9840,100,0.000100604,5093792,392334,217167,1,12.98,23.46
9850,100,0.000100503,5019791,460875,218792,1,10.89,22.94
9860,100,0.000100402,5014584,390250,209417,1,12.85,23.95
9870,100,0.000100301,5027167,400666,224583,1,12.55,22.38
9880,100,0.0001002,5042334,408083,209042,1,12.36,24.12
9890,100,0.0001001,5036959,390000,209458,1,12.92,24.05
9900,100,0.0001,5032666,405000,209666,1,12.43,24
9910,100,9.99001e-05,5036083,398125,210291,1,12.65,23.95
9920,100,9.98004e-05,5048458,406625,210375,1,12.42,24
9930,100,9.97009e-05,5059917,396041,210375,1,12.78,24.05
9940,100,9.96016e-05,5064375,400834,210750,1,12.63,24.03
9950,100,9.95025e-05,5098792,385208,211291,1,13.24,24.13
9960,100,9.94036e-05,5112417,380042,221917,1,13.45,23.04
9970,100,9.93049e-05,5137459,432542,212500,1,11.88,24.18
9980,100,9.92063e-05,5061750,399500,211292,1,12.67,23.96
9990,100,9.9108e-05,5071125,455916,212291,1,11.12,23.89
10000,100,9.90099e-05,5170583,404916,211875,1,12.77,24.4
10,10,0.05,19375,1333,3625,1,14.53,5.34
20,20,0.025,6291,1667,5708,1,3.77,1.1
30,30,0.0166667,8916,2125,8125,1,4.2,1.1
40,40,0.0125,13500,4125,7958,1,3.27,1.7
50,50,0.01,18000,3833,6291,1,4.7,2.86
60,60,0.00833333,23792,4125,6042,1,5.77,3.94
70,70,0.00714286,31500,4667,6333,1,6.75,4.97
80,80,0.00625,39708,6333,6750,1,6.27,5.88
90,90,0.00555556,51292,7542,7542,1,6.8,6.8
100,100,0.005,71000,10667,7750,1,6.66,9.16
110,110,0.00454545,66416,8291,7625,1,8.01,8.71
120,120,0.00416667,80792,10375,8625,1,7.79,9.37
130,130,0.00384615,98584,18875,9625,1,5.22,10.24
140,140,0.00357143,253500,28666,21875,1,8.84,11.59
150,150,0.00333333,117375,16542,8917,1,7.1,13.16
160,160,0.003125,139542,16625,9666,1,8.39,14.44
170,170,0.00294118,151375,17333,9833,1,8.73,15.39
180,180,0.00277778,165417,18542,10250,1,8.92,16.14
190,190,0.00263158,202083,21875,12500,1,9.24,16.17
200,200,0.0025,229375,22292,12458,1,10.29,18.41
210,210,0.00238095,248125,24292,11875,1,10.21,20.89
220,220,0.00227273,277333,28125,14375,1,9.86,19.29
230,230,0.00217391,301875,28875,13584,1,10.45,22.22
240,240,0.00208333,359542,39917,17250,1,9.01,20.84
250,250,0.002,410583,38958,19584,1,10.54,20.97
260,260,0.00192308,449750,42875,18875,1,10.49,23.83
270,270,0.00185185,494042,49708,21625,1,9.94,22.85
280,280,0.00178571,559458,52708,22541,1,10.61,24.82
290,290,0.00172414,545834,52667,20916,1,10.36,26.1
300,300,0.00166667,581042,49584,18792,1,11.72,30.92
310,310,0.0016129,577333,50250,18250,1,11.49,31.63
320,320,0.0015625,590625,52125,18000,1,11.33,32.81
330,330,0.00151515,598291,53708,17375,1,11.14,34.43
340,340,0.00147059,615167,55250,21333,1,11.13,28.84
350,350,0.00142857,628291,65166,18625,1,9.64,33.73
360,360,0.00138889,708167,61708,18583,1,11.48,38.11
370,370,0.00135135,684333,59916,26417,1,11.42,25.91
380,380,0.00131579,718750,70333,18625,1,10.22,38.59
390,390,0.00128205,769375,69250,21000,1,11.11,36.64
400,400,0.00125,810792,67292,19209,1,12.05,42.21
410,410,0.00121951,838708,74291,19083,1,11.29,43.95
420,420,0.00119048,878834,68000,18833,1,12.92,46.66
430,430,0.00116279,918042,75750,25458,1,12.12,36.06
440,440,0.00113636,931333,74875,20250,1,12.44,45.99
450,450,0.00111111,986500,91375,19708,1,10.8,50.06
460,460,0.00108696,1062458,83292,21458,1,12.76,49.51
470,470,0.00106383,1075500,111500,23167,1,9.65,46.42
480,480,0.00104167,1129958,101791,21417,1,11.1,52.76
490,490,0.00102041,1164958,100042,21958,1,11.64,53.05
500,500,0.001,1540875,98834,22000,1,15.59,70.04
510,510,0.000980392,1240709,118666,25667,1,10.46,48.34
520,520,0.000961538,1295167,122500,25291,1,10.57,51.21
530,530,0.000943396,1354791,119750,26958,1,11.31,50.26
540,540,0.000925926,1417042,115167,27208,1,12.3,52.08
550,550,0.000909091,1514875,150625,28917,1,10.06,52.39
560,560,0.000892857,1707250,149250,28375,1,11.44,60.17
570,570,0.000877193,1879250,206042,30916,1,9.12,60.79
580,580,0.000862069,1700833,187791,26833,1,9.06,63.39
590,590,0.000847458,1779542,143792,27750,1,12.38,64.13
600,600,0.000833333,1799708,146417,32041,1,12.29,56.17
610,610,0.000819672,1934459,154042,33375,1,12.56,57.96
620,620,0.000806452,1847292,145125,27625,1,12.73,66.87
630,630,0.000793651,3484000,253000,75958,1,13.77,45.87
640,640,0.00078125,2085792,303417,36875,1,6.87,56.56
650,650,0.000769231,2152042,157750,29875,1,13.64,72.03
660,660,0.000757576,2138666,158667,28792,1,13.48,74.28
670,670,0.000746269,2147792,171625,32917,1,12.51,65.25
680,680,0.000735294,2229334,588708,28625,1,3.79,77.88
690,690,0.000724638,2257542,235416,29833,1,9.59,75.67
700,700,0.000714286,2373458,215416,28500,1,11.02,83.28
710,710,0.000704225,2385958,212208,28834,1,11.24,82.75
720,720,0.000694444,2497833,221000,31417,1,11.3,79.51
730,730,0.000684932,2512125,227708,29875,1,11.03,84.09
740,740,0.000675676,2589709,242083,30708,1,10.7,84.33
750,750,0.000666667,2668209,271750,30958,1,9.82,86.19
760,760,0.000657895,2751000,316541,31417,1,8.69,87.56
770,770,0.000649351,2859625,279917,31458,1,10.22,90.9
780,780,0.000641026,3189792,304834,36583,1,10.46,87.19
790,790,0.000632911,3094625,244375,37125,1,12.66,83.36
800,800,0.000625,3178541,233583,35625,1,13.61,89.22
810,810,0.000617284,3257792,239042,38542,1,13.63,84.53
820,820,0.000609756,3195750,231875,35666,1,13.78,89.6
830,830,0.00060241,3341375,331709,40458,1,10.07,82.59
840,840,0.000595238,3509708,305417,36625,1,11.49,95.83
850,850,0.000588235,3593458,289916,36958,1,12.39,97.23
860,860,0.000581395,3662708,297459,41208,1,12.31,88.88
870,870,0.000574713,3742584,314083,38166,1,11.92,98.06
880,880,0.000568182,3888750,318209,38542,1,12.22,100.9
890,890,0.000561798,4168625,449541,39375,1,9.27,105.87
900,900,0.000555556,4009084,332708,41708,1,12.05,96.12
910,910,0.000549451,4106875,344250,39791,1,11.93,103.21
920,920,0.000543478,4311375,354458,39375,1,12.16,109.5
930,930,0.000537634,4391792,358792,41458,1,12.24,105.93
940,940,0.000531915,4369333,359708,40208,1,12.15,108.67
950,950,0.000526316,4471875,466917,43833,1,9.58,102.02
960,960,0.000520833,4544583,346584,41000,1,13.11,110.84
970,970,0.000515464,4611666,445875,42667,1,10.34,108.09
980,980,0.000510204,5203458,408792,41959,1,12.73,124.01
990,990,0.000505051,4610750,353000,39333,1,13.06,117.22
1000,1000,0.0005,4698542,416208,39291,1,11.29,119.58
1010,1010,0.00049505,4807709,381750,41583,1,12.59,115.62
1020,1020,0.000490196,4880917,393583,40125,1,12.4,121.64
1030,1030,0.000485437,4996833,404625,43417,1,12.35,115.09
1040,1040,0.000480769,5149167,415292,39709,1,12.4,129.67
1050,1050,0.00047619,5182125,470458,43417,1,11.02,119.36
1060,1060,0.000471698,5374500,415958,46791,1,12.92,114.86
1070,1070,0.00046729,5404833,427542,46208,1,12.64,116.97
1080,1080,0.000462963,5483583,445250,42666,1,12.32,128.52
1090,1090,0.000458716,6049666,580833,45583,1,10.42,132.72
1100,1100,0.000454545,5703625,532625,44459,1,10.71,128.29
1110,1110,0.00045045,5802708,481125,48583,1,12.06,119.44
1120,1120,0.000446429,5894500,461292,44000,1,12.78,133.97
1130,1130,0.000442478,6051125,478000,49208,1,12.66,122.97
1140,1140,0.000438596,6104875,507833,48333,1,12.02,126.31
1150,1150,0.000434783,6227917,512875,45250,1,12.14,137.63
1160,1160,0.000431034,6330792,610750,48625,1,10.37,130.2
1170,1170,0.00042735,6418000,518083,45625,1,12.39,140.67
1180,1180,0.000423729,6542084,529167,46875,1,12.36,139.56
1190,1190,0.000420168,6641334,557500,47334,1,11.91,140.31
1200,1200,0.000416667,6761958,594750,47333,1,11.37,142.86
1210,1210,0.000413223,6880500,559709,47416,1,12.29,145.11
1220,1220,0.000409836,6998125,706500,51167,1,9.91,136.77
1230,1230,0.000406504,7153625,641459,48250,1,11.15,148.26
1240,1240,0.000403226,7205208,620167,48209,1,11.62,149.46
1250,1250,0.0004,7346625,641833,51416,1,11.45,142.89
1260,1260,0.000396825,7449166,670833,49708,1,11.1,149.86
1270,1270,0.000393701,7947667,740167,56000,1,10.74,141.92
1280,1280,0.000390625,7743875,700417,54958,1,11.06,140.91
1290,1290,0.000387597,7846750,833583,55459,1,9.41,141.49
1300,1300,0.000384615,7939542,748250,50709,1,10.61,156.57
1310,1310,0.000381679,8075333,753959,52542,1,10.71,153.69
1320,1320,0.000378788,8309375,793125,56416,1,10.48,147.29
1330,1330,0.00037594,8333416,738667,56250,1,11.28,148.15
1340,1340,0.000373134,8607083,800459,53833,1,10.75,159.88
1350,1350,0.00037037,8569667,749333,53458,1,11.44,160.31
1360,1360,0.000367647,8665042,868875,57625,1,9.97,150.37
1370,1370,0.000364964,8797958,740291,54125,1,11.88,162.55
1380,1380,0.000362319,8966667,830708,54208,1,10.79,165.41
1390,1390,0.000359712,9081625,838959,56958,1,10.82,159.44
1400,1400,0.000357143,12484833,1062791,71417,1,11.75,174.82
1410,1410,0.00035461,9321667,929958,53500,1,10.02,174.24
1420,1420,0.000352113,9489708,868667,53875,1,10.92,176.14
1430,1430,0.00034965,9565792,871542,54625,1,10.98,175.12
1440,1440,0.000347222,9710916,945208,56167,1,10.27,172.89
1450,1450,0.000344828,9880292,939500,59333,1,10.52,166.52
1460,1460,0.000342466,9980875,915375,57125,1,10.9,174.72
1470,1470,0.000340136,10128000,857708,56166,1,11.81,180.32
1480,1480,0.000337838,10284042,1003792,55833,1,10.25,184.19
1490,1490,0.00033557,10413708,936417,61084,1,11.12,170.48
1500,1500,0.000333333,10523833,983167,58250,1,10.7,180.67
1510,1510,0.000331126,10689125,979667,58292,1,10.91,183.37
1520,1520,0.000328947,12243708,1090375,58541,1,11.23,209.15
1530,1530,0.000326797,10949125,1025083,60500,1,10.68,180.98
1540,1540,0.000324675,11634416,1261791,64584,1,9.22,180.14
1550,1550,0.000322581,11298958,1013917,59375,1,11.14,190.3
1560,1560,0.000320513,11379792,1077500,58625,1,10.56,194.11
1570,1570,0.000318471,11548292,1102750,60292,1,10.47,191.54
1580,1580,0.000316456,11674542,1070959,59958,1,10.9,194.71
1590,1590,0.000314465,11820792,1069416,60292,1,11.05,196.06
1600,1600,0.0003125,12044291,1115791,61375,1,10.79,196.24
1610,1610,0.000310559,12123833,1143542,60875,1,10.6,199.16
1620,1620,0.000308642,12257875,1155542,62667,1,10.61,195.6
1630,1630,0.000306748,12774000,1245708,64708,1,10.25,197.41
1640,1640,0.000304878,12616750,1472083,61541,1,8.57,205.01
1650,1650,0.00030303,12841958,1233750,62834,1,10.41,204.38
1660,1660,0.000301205,12940125,1311000,62500,1,9.87,207.04
1670,1670,0.000299401,13043250,1234833,65209,1,10.56,200.02
1680,1680,0.000297619,13190750,1250625,65959,1,10.55,199.98
1690,1690,0.000295858,13345292,1281334,69375,1,10.42,192.36
1700,1700,0.000294118,13499375,1285541,65500,1,10.5,206.1
1710,1710,0.000292398,13702458,1273667,65291,1,10.76,209.87
1720,1720,0.000290698,13899709,1509542,68750,1,9.21,202.18
1730,1730,0.000289017,14395167,1296000,67958,1,11.11,211.82
1740,1740,0.000287356,14169125,1373917,66458,1,10.31,213.2
1750,1750,0.000285714,14337834,1375542,66958,1,10.42,214.13
1760,1760,0.000284091,14517583,1503292,66333,1,9.66,218.86
1770,1770,0.000282486,14703083,1419625,67292,1,10.36,218.5
1780,1780,0.000280899,15048167,1478125,71875,1,10.18,209.37
1790,1790,0.00027933,15077583,1399542,69542,1,10.77,216.81
1800,1800,0.000277778,15230917,1772833,68500,1,8.59,222.35
1810,1810,0.000276243,15405333,1465417,70041,1,10.51,219.95
1820,1820,0.000274725,15561250,1505709,72666,1,10.33,214.15
1830,1830,0.000273224,15741750,1492833,73000,1,10.54,215.64
1840,1840,0.000271739,15865166,1758459,75500,1,9.02,210.13
1850,1850,0.00027027,16080084,1591125,72042,1,10.11,223.2
1860,1860,0.000268817,16346000,1586250,74417,1,10.3,219.65
1870,1870,0.00026738,16314792,1563792,73166,1,10.43,222.98
1880,1880,0.000265957,17341417,1694292,76250,1,10.24,227.43
1890,1890,0.00026455,16688542,1817625,73542,1,9.18,226.93
1900,1900,0.000263158,16872000,1756334,73834,1,9.61,228.51
1910,1910,0.00026178,17052958,1621083,79584,1,10.52,214.28
1920,1920,0.000260417,17241666,1901959,74958,1,9.07,230.02
1930,1930,0.000259067,17418209,1836375,73292,1,9.49,237.65
1940,1940,0.000257732,17712292,1679333,76125,1,10.55,232.67
1950,1950,0.00025641,17793333,1776667,73958,1,10.02,240.59
1960,1960,0.000255102,17978417,1705375,76792,1,10.54,234.12
1970,1970,0.000253807,18168917,1888417,75209,1,9.62,241.58
1980,1980,0.000252525,18379500,1746792,75625,1,10.52,243.03
